
# Redirect domain aliases to primary domain
https://www.247locksmithandsecurity.com/* https://247locksmithandsecurity.com/:splat 301!
http://www.247locksmithandsecurity.com/* https://247locksmithandsecurity.com/:splat 301!

# Force HTTPS for all connections
http://247locksmithandsecurity.com/* https://247locksmithandsecurity.com/:splat 301!

# Old service URLs to new structure
/services/car-lockout              /services/emergency-locksmith/car-lockout 301
/services/house-lockout            /services/emergency-locksmith/house-lockout 301
/services/business-lockout         /services/emergency-locksmith/business-lockout 301
/services/storage-unit-lockout     /services/emergency-locksmith/storage-unit-lockout 301

/services/lock-replacement         /services/residential-locksmith/lock-replacement 301
/services/lock-rekey              /services/residential-locksmith/lock-rekey 301
/services/lock-repair             /services/residential-locksmith/lock-repair 301
/services/gate-locks              /services/residential-locksmith/gate-locks 301

/services/commercial-locks         /services/commercial-locksmith/lock-replacement 301
/services/master-key              /services/commercial-locksmith/master-key 301
/services/access-control          /services/commercial-locksmith/access-control 301
/services/emergency-exit          /services/commercial-locksmith/emergency-exit-device 301

/services/car-key-replacement     /services/auto-locksmith/car-key-replacement 301
/services/key-fob-programming     /services/auto-locksmith/key-fob-programming 301
/services/car-key-duplicate       /services/auto-locksmith/car-key-duplicate 301
/services/ignition-repair         /services/auto-locksmith/ignition-lock-cylinder 301

# Common 404s and misspellings
/home                             / 301
/about-us                         /about 301
/contactus                        /contact 301
/locations                        /service-areas 301
/locksmith-services               /services 301
/emergency                        /services/emergency-locksmith 301
/residential                      /services/residential-locksmith 301
/commercial                       /services/commercial-locksmith 301
/automotive                       /services/auto-locksmith 301
/car-keys                         /services/auto-locksmith 301
/service-area                     /service-areas 301
/reviews-testimonials             /reviews 301
/book                             /book-online 301
/quote                            /book-online 301
/estimate                         /book-online 301
/faqs                             /faq 301
/privacy                          /privacy-policy 301
/terms                            /terms-conditions 301

# CRUCIAL: Make the SPA routing work properly
/*    /index.html   200
